headline,date,doc_type,material_type,section,keywords
It’s Time for a Better TV Room,2021-01-05,article,News,,"['Real Estate and Housing (Residential)', 'Interior Design and Furnishings', 'Home Repairs and Improvements', 'Restoration and Renovation', 'Furniture', 'Quarantine (Life and Culture)', 'Television Sets and Media Devices', 'Content Type: Service']"
G.M. said auto sales fell in 2020 but were up in the final three months of the year.,2021-01-05,article,News,,"['Automobiles', 'Two Thousand Twenty', 'Coronavirus (2019-nCoV)', 'United States Economy']"
The Pandemic Sank Auto Sales. Vaccines Could Bring Buyers Back.,2021-01-05,article,News,,"['Coronavirus (2019-nCoV)', 'United States Economy', 'Automobiles', 'Company Reports', 'Electric and Hybrid Vehicles', 'Sports Utility Vehicles and Light Trucks', 'Shutdowns (Institutional)']"
Carmakers Put Their Biggest Faces Forward,2021-01-07,article,News,,"['Automobiles', 'Design']"
Your Friday Briefing,2021-01-08,article,briefing,,"['Coronavirus Risks and Safety Concerns', 'Coronavirus (2019-nCoV)', 'Storming of the US Capitol (Jan, 2021)', 'Appointments and Executive Changes', 'Vaccination and Immunization', 'Pentagon Papers', 'Boeing 737 Max Groundings and Safety Concerns (2019)']"
"The News Quiz, Jan. 8, 2021",2021-01-08,multimedia,Interactive Feature,,[]
China’s New Rules Could Hit U.S. Firms and Send a Message to Biden,2021-01-09,article,News,,"['United States International Relations', 'International Trade and World Market', 'Embargoes and Sanctions', 'United States Politics and Government', 'Executive Orders and Memorandums', 'Blacklisting']"
‘I Watched People Pass My Booth and Listened to Scraps of Conversation’,2021-01-10,article,News,,[]
"Ved Mehta, Writer Who Illuminated India, Is Dead at 86",2021-01-10,article,Obituary (Obit),,"['Writing and Writers', 'Blindness', 'Books and Literature', 'Magazines', 'Deaths (Obituaries)']"
These Businesses and Institutions Are Cutting Ties With Trump,2021-01-11,article,News,,"['Storming of the US Capitol (Jan, 2021)', 'PGA Championship', 'United States Politics and Government', 'Campaign Finance', 'Political Action Committees']"
Getting Corporate Cash Out of Politics,2021-01-12,article,News,,"['Freedom of Speech and Expression', 'Presidential Election of 2020', 'Campaign Finance']"
Tesla Might Finally Have Some Competition. From Ford.,2021-01-15,article,News,,"['Automobiles', 'Electric and Hybrid Vehicles', 'Sports Utility Vehicles and Light Trucks', 'Tax Credits, Deductions and Exemptions']"
The Vaccine Hurdles Older New Yorkers Face,2021-01-15,article,briefing,,"['Coronavirus (2019-nCoV)', 'Vaccination and Immunization']"
"Pandemic Paved the Way for Sim Racing, but Will It Last?",2021-01-18,article,News,,"['Automobile Racing', 'Computer and Video Games']"
The Next Tesla? Investors Bet Big on Electric Truck Maker Rivian,2021-01-19,article,News,,"['Automobiles', 'Electric and Hybrid Vehicles', 'Sports Utility Vehicles and Light Trucks', 'Start-ups', 'Venture Capital', 'Factories and Manufacturing']"
Don Sutton Had an ‘Easy Job’ Thanks to a Lifetime of Hard Work,2021-01-20,article,News,,"['Baseball', 'Content Type: Personal Profile']"
Auto Safety Agency Faces Calls for Overhaul as Biden Presidency Begins,2021-01-21,article,News,,"['Automobile Safety Features and Defects', 'Traffic Accidents and Safety', 'Regulation and Deregulation of Industry', 'United States Politics and Government', 'Presidential Transition (US)']"
The Battle Lines Are Forming in Biden’s Climate Push,2021-01-26,article,News,,"['Global Warming', 'Greenhouse Gas Emissions', 'Law and Legislation', 'Coal', 'Oil (Petroleum) and Gasoline', 'Fuel Efficiency', 'Fuel Emissions (Transportation)', 'United Nations Framework Convention on Climate Change', 'Alternative and Renewable Energy', 'Regulation and Deregulation of Industry', 'United States Politics and Government']"
‘Energy’ Is Its Name. But What Can the D.O.E. Actually Do on Climate?,2021-01-27,article,News,,"['Global Warming', 'Environment', 'Greenhouse Gas Emissions', 'United States Politics and Government', 'Appointments and Executive Changes', 'Alternative and Renewable Energy', 'Energy and Power']"
"Tesla Has First Profitable Year, but Competition Is Growing",2021-01-27,article,News,,"['Electric and Hybrid Vehicles', 'Company Reports', 'Automobiles']"
G.M. Will Sell Only Zero-Emission Vehicles by 2035,2021-01-28,article,News,,"['Automobiles', 'Electric and Hybrid Vehicles', 'Fuel Emissions (Transportation)', 'Fuel Efficiency', 'Global Warming']"
"GameStop, Health Care, GM: Your Thursday Evening Briefing",2021-01-28,article,briefing,,"['United States Politics and Government', 'Coronavirus (2019-nCoV)', 'Automobiles', 'Vaccination and Immunization']"
Can Biden Deliver on His Climate Promises?,2021-01-28,article,Op-Ed,,['Global Warming']
Your Friday Briefing,2021-01-29,article,briefing,,[]
Biden’s Health Care Moves,2021-01-29,article,briefing,,[]
Biden Moves Cautiously on Health Care,2021-01-29,article,News,,"['Health Insurance and Managed Care', 'Executive Orders and Memorandums', 'United States Politics and Government']"
G.M.’s Electric Car Push Could Put China in the Driver’s Seat,2021-01-29,article,News,,"['Electric and Hybrid Vehicles', 'Automobiles', 'Politics and Government', 'Driverless and Semiautonomous Vehicles', 'International Trade and World Market', 'Batteries', 'Lithium (Metal)', 'Factories and Manufacturing']"
"Electric Cars Are Coming, and Fast. Is the Nation’s Grid Up to It?",2021-01-29,article,News,,"['Global Warming', 'Greenhouse Gas Emissions', 'Automobiles', 'Electric and Hybrid Vehicles', 'Infrastructure (Public Works)']"
"Vaccines, GameStop, Cicely Tyson: Your Friday Evening Briefing",2021-01-29,article,briefing,,[]
G.M. Announcement Shakes Up U.S. Automakers’ Transition to Electric Cars,2021-01-29,article,News,,"['Electric and Hybrid Vehicles', 'Automobiles', 'United States Politics and Government', 'Fuel Emissions (Transportation)', 'Fuel Efficiency', 'Global Warming']"
The Week in Business: GameStop’s Bizarre Saga,2021-01-31,article,News,,"['Stocks and Bonds', 'Computer and Video Games']"
Your Monday Briefing,2021-01-31,article,briefing,,[]
77 Days: Trump’s Campaign to Subvert the Election,2021-01-31,article,News,,"['Presidential Election of 2020', 'Rumors and Misinformation', 'Right-Wing Extremism and Alt-Right', 'Voter Fraud (Election Fraud)', 'Suits and Litigation (Civil)', 'United States Politics and Government', 'Voting Machines', 'Attorneys General']"
How Climate Change May Affect Your Health,2021-02-01,article,News,,"['Content Type: Service', 'Global Warming', 'Respiratory Diseases', 'Asthma', 'Pollution', 'Water Pollution', 'Wildfires', 'Air Pollution']"
Exxon Mobil to invest $3 billion in carbon capture and other projects to lower emissions.,2021-02-01,article,News,,"['Greenhouse Gas Emissions', 'Carbon Capture and Sequestration']"
The Black American City That Almost Came to Be,2021-02-02,article,Review,,"['Books and Literature', 'Black People', 'Blacks', 'Discrimination', 'Civil Rights Movement (1954-68)', 'Area Planning and Renewal']"
General Motors Is Counting on Your Loving Electric Cars,2021-02-02,article,Op-Ed,,"['Automobiles', 'Electric and Hybrid Vehicles', 'Oil (Petroleum) and Gasoline', 'Fuel Emissions (Transportation)', 'Greenhouse Gas Emissions', 'Alternative and Renewable Energy', 'Global Warming', 'Electric Light and Power', 'Energy Efficiency', 'Fuel Efficiency']"
Carmakers are trying to figure out how to respond to G.M.’s plan to move to electric cars.,2021-02-02,article,News,,[]
"Weekly News Quiz for Students: Stock Market Frenzy, Military Coup, Winter Storm",2021-02-02,multimedia,Interactive Feature,,[]
More automakers drop their support of Trump-era fuel economy standards.,2021-02-02,article,News,,[]
"After a Bruising Year, the Oil Industry Confronts a Diminished Future",2021-02-02,article,News,,"['Oil (Petroleum) and Gasoline', 'Prices (Fares, Fees and Rates)', 'Global Warming', 'Greenhouse Gas Emissions', 'Fuel Efficiency', 'Electric and Hybrid Vehicles', 'Automobiles', 'Coronavirus (2019-nCoV)']"
Automakers Drop Efforts to Derail California Climate Rules,2021-02-02,article,News,,"['Global Warming', 'Environment', 'Greenhouse Gas Emissions', 'Automobiles', 'Presidential Election of 2020', 'United States Politics and Government', 'Fuel Efficiency']"
The Shift Toward Clean Cars,2021-02-03,article,News,,"['Global Warming', 'Greenhouse Gas Emissions', 'Automobiles', 'Electric and Hybrid Vehicles', 'Alternative and Renewable Energy', 'Black People', 'Blacks', 'Agriculture and Farming', 'Economic Conditions and Trends', 'Floods']"
"E.V.s Force Carmakers to Reinvent the Wheel, and Brakes, and Mirrors …",2021-02-04,article,News,,"['Automobiles', 'Electric and Hybrid Vehicles', 'Automobile Service and Charging Stations', 'Batteries']"
The Task Ahead for Biden on Climate,2021-02-06,article,Editorial,,"['Global Warming', 'Greenhouse Gas Emissions', 'United States Politics and Government', 'Executive Orders and Memorandums', 'Oil (Petroleum) and Gasoline', 'Fuel Emissions (Transportation)', 'Fuel Efficiency', 'Electric and Hybrid Vehicles']"
Chinese regulators reprimand Tesla over growing complaints about its cars.,2021-02-08,article,News,,"['Automobiles', 'Automobile Safety Features and Defects', 'Electric and Hybrid Vehicles']"
The Auto Revolution Is Here,2021-02-08,article,News,,"['Automobiles', 'Electric and Hybrid Vehicles']"
Bitcoin’s Big Day,2021-02-09,article,News,,['Bitcoin (Currency)']
Will other companies follow Tesla’s lead and load up on Bitcoin?,2021-02-09,article,News,,[]
Electric Cars and a Cleaner Energy Future,2021-02-09,article,Letter,,"['Electric and Hybrid Vehicles', 'Greenhouse Gas Emissions', 'Women and Girls', 'Science and Technology', 'United States Politics and Government']"
G.M.’s Profits From Trucks and S.U.V.s Fuel Its Electric Quest,2021-02-10,article,News,,"['Automobiles', 'Fuel Emissions (Transportation)', 'Driverless and Semiautonomous Vehicles', 'Electric and Hybrid Vehicles', 'Factories and Manufacturing', 'Company Reports']"
Jane Fraser Has to Fix Citigroup. It Will Be a Tough Job.,2021-02-10,article,News,,"['Banking and Financial Institutions', 'Women and Girls', 'Appointments and Executive Changes']"
The Biden Team Wants to Transform the Economy. Really.,2021-02-11,article,News,,"['United States Economy', 'United States Politics and Government', 'United States International Relations', 'Labor and Jobs', 'Income Inequality', 'International Trade and World Market']"
"For Shell, Oil Is Past Its Peak",2021-02-12,article,News,,"['Oil (Petroleum) and Gasoline', 'Mergers, Acquisitions and Divestitures', 'Artificial Intelligence', 'Workplace Environment']"
A Fight to Save a Corporate Campus Intertwined With Nature,2021-02-12,article,News,,"['Historic Buildings and Sites', 'ARCHITECTURE', 'Restoration and Renovation', 'Real Estate (Commercial)']"
"James Ridgeway, Hard-Hitting Investigative Journalist, Dies at 84",2021-02-14,article,Obituary (Obit),,"['Solitary Confinement', 'Deaths (Obituaries)', 'News and News Media']"
"Gas or Electric? Thinking Algebraically About Car Costs, Emissions and Trade-offs",2021-02-16,article,News,,[]
The Auto Industry Bets Its Future on Batteries,2021-02-16,article,News,,"['Batteries', 'Automobiles', 'Lithium (Metal)', 'Electric and Hybrid Vehicles', 'Fuel Emissions (Transportation)', 'Factories and Manufacturing', 'Innovation', 'Start-ups', 'Alternative and Renewable Energy']"
Winter Storm Disrupts Wide Swath of American Business,2021-02-16,article,News,,"['Shutdowns (Institutional)', 'Delivery Services', 'Trucks and Trucking', 'Natural Gas', 'Postal Service and Post Offices', 'Weather', 'Shortages', 'Factories and Manufacturing', 'Power Failures and Blackouts', 'Snow and Snowstorms']"
Ford says it will phase out gasoline-powered vehicles in Europe.,2021-02-17,article,News,,"['Automobiles', 'Electric and Hybrid Vehicles', 'Greenhouse Gas Emissions']"
Amazon’s Great Labor Awakening,2021-02-18,article,News,,"['Workplace Hazards and Violations', 'Labor and Jobs', 'Wages and Salaries', 'Storage', 'E-Commerce', 'Coronavirus (2019-nCoV)', 'Organized Labor']"
"Defying the pandemic, Daimler reports a big jump in profit.",2021-02-18,article,News,,[]
Auto Dinosaurs Show They’re Not Dead Yet,2021-02-18,article,News,,"['Electric and Hybrid Vehicles', 'Company Reports', 'Batteries']"
There’s One Big Problem With Electric Cars,2021-02-18,article,Op-Ed,,"['Fuel Emissions (Transportation)', 'Infrastructure (Public Works)', 'Fuel Efficiency', 'United States Politics and Government', 'Regulation and Deregulation of Industry']"
Global Chip Shortage Challenges Biden’s Hope for Manufacturing Revival,2021-02-18,article,News,,"['Computer Chips', 'Shortages', 'Factories and Manufacturing', 'United States Politics and Government', 'United States Economy', 'Coronavirus (2019-nCoV)', 'Automobiles', 'Electronics']"
Mexico Cries Foul at Natural Gas Cutoff Ordered by Texas Governor,2021-02-18,article,News,,"['Energy and Power', 'Power Failures and Blackouts', 'International Trade and World Market']"
"‘We Are Going to Keep You Safe, Even if It Kills Your Spirit’",2021-02-19,article,Op-Ed,,"[""Alzheimer's Disease"", 'Dementia', 'Coronavirus (2019-nCoV)', 'Nursing Homes', 'Elderly', 'Elder Care', 'Nursing and Nurses']"
Thinking of an Electric Car? Take Your Choice,2021-02-21,article,News,,"['Automobiles', 'Electric and Hybrid Vehicles', 'Quarantine (Life and Culture)']"
"Amid Shortfalls, Biden Signs Executive Order to Bolster Critical Supply Chains",2021-02-24,article,News,,"['Executive Orders and Memorandums', 'United States Politics and Government', 'United States International Relations', 'United States Economy', 'International Trade and World Market', 'Shortages', 'Stockpiling', 'Factories and Manufacturing', 'Computer Chips', 'Automobiles', '5G (Wireless Communications)', 'Rare Earths', 'Coronavirus (2019-nCoV)', 'Law and Legislation']"
"In China, an Electric Car Maker Loses Money but Thinks Big",2021-02-25,article,News,,"['Electric and Hybrid Vehicles', 'Politics and Government', 'Factories and Manufacturing']"
The Future of Car Navigation Has Arrived,2021-02-25,article,News,,"['Automobiles', 'Navigation', 'Global Positioning System', 'Maps']"
Virus Mobilization,2021-02-26,article,briefing,,[]
Canada Catches Up in the Race to Produce Zero-Emission Vehicles,2021-02-26,article,News,,"['Electric and Hybrid Vehicles', 'Automobiles', 'Fuel Emissions (Transportation)', 'Batteries', 'Factories and Manufacturing']"
The City Where Cars Are Not Welcome,2021-02-28,article,News,,"['Automobiles', 'Fuel Emissions (Transportation)', 'Electric and Hybrid Vehicles', 'Transit Systems', 'Bicycles and Bicycling', 'Buses', 'Batteries', 'Hydrogen', 'Area Planning and Renewal', 'Sustainable Living', 'Energy Efficiency']"
Smudging the Line Between Art and Activism,2021-03-01,article,News,,"['Art', 'Photography']"
"LaToya Ruby Frazier, American Witness",2021-03-01,article,News,,"['Black People', 'Blacks', 'Families and Family Life', 'Content Type: Personal Profile', 'Photography', 'Race and Ethnicity', 'Labor and Jobs']"
"Workhorse, the electric-truck maker, will meet with the Postal Service about the contract it lost.",2021-03-01,article,News,,"['Electric and Hybrid Vehicles', 'Postal Service and Post Offices']"
"Farther, Faster and No Sweat: Bike-Sharing and the E-Bike Boom",2021-03-02,article,News,,"['Bicycles and Bicycling', 'Travel and Vacations', 'Transit Systems', 'Coronavirus (2019-nCoV)', 'Electric Bicycles, Motorcycles and Scooters']"
Volvo Plans to Sell Only Electric Cars by 2030,2021-03-02,article,News,,"['Electric and Hybrid Vehicles', 'Batteries', 'Automobiles', 'Factories and Manufacturing']"
How Green Are Electric Vehicles?,2021-03-02,article,News,,"['Electric and Hybrid Vehicles', 'Global Warming', 'Fuel Emissions (Transportation)', 'Fuel Efficiency', 'Batteries', 'Mines and Mining', 'Carbon Dioxide', 'Oil (Petroleum) and Gasoline', 'Recycling of Waste Materials', 'Alternative and Renewable Energy', 'Content Type: Service']"
Your Wednesday Briefing,2021-03-02,article,briefing,,[]
Texas is ending its mask mandate and will allow all businesses to fully reopen.,2021-03-02,article,News,,"['internal-essential', 'Coronavirus (2019-nCoV)', 'Disease Rates', 'Deaths (Fatalities)', 'Shutdowns (Institutional)']"
Your Wednesday Briefing,2021-03-03,article,briefing,,"['Coronavirus (2019-nCoV)', 'Political Prisoners', 'Automobiles', 'Vaccination and Immunization', 'Surfing']"
Now Making Electric Bikes: Car and Motorcycle Companies,2021-03-04,article,News,,"['Quarantine (Life and Culture)', 'Coronavirus (2019-nCoV)', 'Urban Areas', 'Automobiles', 'Electric Bicycles, Motorcycles and Scooters']"
Transcript: Ezra Klein Interviews Cal Newport,2021-03-05,article,Op-Ed,,[]
Tesla’s Stock Tumbles Amid Sales Worries and Market Volatility,2021-03-05,article,News,,"['Automobiles', 'Electric and Hybrid Vehicles', 'Stocks and Bonds', 'Prices (Fares, Fees and Rates)']"
"Tony Hendra, a Multiplatform Humorist, Is Dead at 79",2021-03-05,article,Obituary (Obit),,"['Comedy and Humor', 'Writing and Writers', 'Deaths (Obituaries)']"
The Week in Business: Jobs Are Coming Back,2021-03-07,article,News,,"['United States Economy', 'United States Politics and Government', 'Stimulus (Economic)', 'Minimum Wage']"
Amazon and the Breaking of Baltimore,2021-03-09,article,Op-Ed,,"['Income Inequality', 'Labor and Jobs', 'United States Economy', 'Shutdowns (Institutional)']"
Why Japan Is Holding Back as the World Rushes Toward Electric Cars,2021-03-09,article,News,,['Electric and Hybrid Vehicles']
Electric Cars Are Coming. How Long Until They Rule the Road?,2021-03-11,multimedia,Interactive Feature,,"['Electric and Hybrid Vehicles', 'Automobiles', 'Fuel Emissions (Transportation)', 'Greenhouse Gas Emissions', 'Global Warming', 'United States Politics and Government']"
Why $4-a-Gallon Gas May Be Coming Your Way This Summer,2021-03-11,article,News,,"['Oil (Petroleum) and Gasoline', 'Prices (Fares, Fees and Rates)', 'American Rescue Plan (2021)', 'Coronavirus (2019-nCoV)', 'Shale', 'Drilling and Boring', 'Stocks and Bonds', 'United States Economy', 'International Trade and World Market', 'Production']"
A Legendary Designer Strikes Out on His Own to Redesign Legends,2021-03-11,article,News,,"['Automobiles', 'Content Type: Personal Profile', 'Antique and Classic Cars', 'Design']"
Read the full report on the L.A.P.D.’s response to the George Floyd protests,2021-03-11,multimedia,Interactive Feature,,"['George Floyd Protests (2020)', 'Demonstrations, Protests and Riots']"
17 Reasons to Let the Economic Optimism Begin,2021-03-13,article,News,,"['United States Economy', 'United States Politics and Government', 'Labor and Jobs', 'Recession and Depression', 'Productivity', 'Innovation', 'Coronavirus (2019-nCoV)', 'Economics (Theory and Philosophy)', 'Batteries', 'International Trade and World Market', 'American Rescue Plan (2021)']"
Ken Burns Still Has Faith in a Shared American Story,2021-03-15,multimedia,Interactive Feature,,"['Content Type: Personal Profile', 'Television', 'Movies', 'Documentary Films and Programs']"
Volkswagen Aims to Use Its Size to Head Off Tesla,2021-03-15,article,News,,"['Automobiles', 'Electric and Hybrid Vehicles', 'Factories and Manufacturing']"
"Ion Mihai Pacepa, Key Cold War Defector, Dies at 92",2021-03-16,article,Obituary (Obit),,"['Deaths (Obituaries)', 'Coronavirus (2019-nCoV)', 'Espionage and Intelligence Services', 'Cold War Era', 'Defectors (Political)']"
Were the Airline Bailouts Really Needed?,2021-03-16,article,News,,"['AIRLINES AND AIRPLANES', 'Stimulus (Economic)', 'Executive Compensation', 'Travel and Vacations', 'Lobbying and Lobbyists', 'Coronavirus Aid, Relief, and Economic Security Act (2020)']"
Carmakers Strive to Stay Ahead of Hackers,2021-03-18,article,News,,"['Automobile Safety Features and Defects', 'Traffic Accidents and Safety', 'Computer Security', 'Computers and the Internet']"
How Volkswagen’s Sins Fueled Its Redemption,2021-03-19,article,News,,"['Electric and Hybrid Vehicles', 'Factories and Manufacturing', 'Automobiles', 'Fuel Emissions (Transportation)', 'Fuel Efficiency', 'Frauds and Swindling']"
‘All I Can Think About Is Her’: Families Grieve for Victims of Atlanta Attacks,2021-03-20,article,News,,"['Atlanta Spa Shootings (2021)', 'Murders, Attempted Murders and Homicides']"
Read the document,2021-03-20,multimedia,Interactive Feature,,[]
Read the document,2021-03-20,multimedia,Interactive Feature,,[]
Is It Hot in Here or Is It Me?,2021-03-21,article,News,,['Crossword Puzzles']
Tesla’s Autopilot Technology Faces Fresh Scrutiny,2021-03-23,article,News,,"['Traffic Accidents and Safety', 'Driverless and Semiautonomous Vehicles', 'Automobile Safety Features and Defects', 'Electric and Hybrid Vehicles', 'Roads and Traffic', 'Regulation and Deregulation of Industry']"
Miami Wants to Be the Hub for Bitcoin,2021-03-23,article,News,,"['Bitcoin (Currency)', 'Electric and Hybrid Vehicles']"
"With Fewer Ads on Streaming, Brands Make More Movies",2021-03-23,article,News,,"['Online Advertising', 'Video Recordings, Downloads and Streaming', 'Quarantine (Life and Culture)', 'Movies', 'Television', 'Documentary Films and Programs']"
"Beige on an S.U.V. Will Cost You, but for Pickups It’s Golden",2021-03-25,article,News,,"['Automobiles', 'Prices (Fares, Fees and Rates)', 'Consumer Behavior', 'Sports Utility Vehicles and Light Trucks', 'Advertising and Marketing', 'Color', 'Paint']"
"Morris Dickstein, Critic and Cultural Historian, Dies at 81",2021-03-26,article,Obituary (Obit),,"['Deaths (Obituaries)', 'Books and Literature', 'Writing and Writers', 'Colleges and Universities', 'Jews and Judaism']"
Biden’s Lesson From Past Green Stimulus Failures: Go Even Bigger,2021-03-29,article,News,,"['Global Warming', 'Greenhouse Gas Emissions', 'United States Economy', 'Electric and Hybrid Vehicles', 'United States Politics and Government', 'American Recovery and Reinvestment Act (2009)', 'Alternative and Renewable Energy', 'Solar Energy', 'Stimulus (Economic)']"
Ship Is Freed After a Costly Lesson in the Vulnerabilities of Sea Trade,2021-03-29,article,News,,"['Maritime Accidents and Safety', 'Ships and Shipping', 'International Trade and World Market']"
"No, Volkswagen is not renaming itself Voltswagen.",2021-03-30,article,News,,"['Electric and Hybrid Vehicles', 'Automobiles', 'Names, Organizational', 'Hoaxes and Pranks', ""APRIL FOOL'S DAY"", 'Advertising and Marketing']"
"Biden’s Push for Electric Cars: $174 Billion, 10 Years and a Bit of Luck",2021-03-31,article,News,,"['Automobiles', 'Electric and Hybrid Vehicles', 'Infrastructure (Public Works)', 'Factories and Manufacturing', 'Organized Labor', 'Tax Credits, Deductions and Exemptions', 'United States Economy', 'United States Politics and Government', 'American Jobs Plan (2021)']"
"Toyota sales jump, but G.M. and Ford’s rebounds are weaker.",2021-04-01,article,News,,"['Automobiles', 'Company Reports', 'Shortages', 'Computer Chips']"
The Unmitigated Chaos of America’s Attempt at Color-Coded Covid Guidance,2021-04-02,article,News,,"['States (US)', 'Disease Rates', 'Maps', 'Color', 'Coronavirus (2019-nCoV)']"
"Tesla delivered 185,000 cars in the first quarter, twice as many as a year ago.",2021-04-02,article,News,,"['Automobiles', 'Electric and Hybrid Vehicles', 'Company Reports']"
Returning to the Office Sparks Anxiety and Dread for Some,2021-04-02,article,News,,"['Quarantine (Life and Culture)', 'Workplace Environment', 'Shutdowns (Institutional)', 'Telecommuting', 'Coronavirus (2019-nCoV)']"
Electric Aircraft Start-Up Accuses Rival of Stealing Its Secrets,2021-04-06,article,News,,"['AIRLINES AND AIRPLANES', 'Electric and Hybrid Vehicles', 'Intellectual Property', 'Industrial Espionage', 'Suits and Litigation (Civil)', 'Mergers, Acquisitions and Divestitures', 'Venture Capital', 'Inventions and Patents', 'Start-ups']"
"When Watch Fairs Are Canceled, Cities Lose Out, Too",2021-04-07,article,News,,"['Watches and Clocks', 'Economic Conditions and Trends', 'Conventions, Fairs and Trade Shows', 'Coronavirus (2019-nCoV)', 'Quarantine (Life and Culture)', 'Quarantines']"
How About a Luxury Tour of Your Own Backyard?,2021-04-07,article,News,,"['Travel and Vacations', 'Coronavirus (2019-nCoV)', 'Quarantine (Life and Culture)', 'Summer (Season)', 'National Parks, Monuments and Seashores']"
A New Unicorn Takes Shape,2021-04-09,article,News,,"['Venture Capital', 'Law and Legislation']"
Krugman Wonks Out: Why Was Trump’s Signature Policy Such a Flop?,2021-04-09,article,Op-Ed,,"['Tax Shelters', 'Corporate Taxes', 'Federal Taxes (US)', 'Tax Cuts and Jobs Act (2017)']"
2 Korean Battery Makers Settle Dispute That Threatened Biden’s Green Agenda,2021-04-11,article,News,,"['Electric and Hybrid Vehicles', 'United States Politics and Government', 'Batteries', 'Intellectual Property', 'Labor and Jobs', 'International Trade and World Market', 'Suits and Litigation (Civil)']"
Trivia Found a Way in the Pandemic,2021-04-12,article,News,,"['Games', 'Quarantine (Life and Culture)']"
"Amid a chip shortage, the White House gathers business leaders to discuss supplies.",2021-04-12,article,News,,"['Computer Chips', 'Factories and Manufacturing']"
Trump Abandoned the Climate. This Is Biden’s Moment.,2021-04-12,article,Editorial,,"['American Jobs Plan (2021)', 'Greenhouse Gas Emissions', 'Global Warming', 'Alternative and Renewable Energy', 'Fuel Emissions (Transportation)', 'Solar Energy', 'Wind Power', 'Oil (Petroleum) and Gasoline', 'Electric and Hybrid Vehicles', 'United States Politics and Government']"
"As Michigan G.O.P. Plans Voting Limits, Top Corporations Fire a Warning Shot",2021-04-13,article,News,,"['Presidential Election of 2020', 'Voter Fraud (Election Fraud)', 'Politics and Government', 'United States Politics and Government', 'Vetoes (US)', 'State Legislatures', 'Law and Legislation', 'Corporate Social Responsibility']"
"Hundreds of Companies Unite to Oppose Voting Limits, but Others Abstain",2021-04-14,article,News,,"['Corporate Social Responsibility', 'Law and Legislation', 'Voter Registration and Requirements', 'Executives and Management (Theory)', 'States (US)', 'Politics and Government', 'United States Politics and Government', 'Lobbying and Lobbyists']"
The Marriage Between Republicans and Big Business Is on the Rocks,2021-04-14,article,Op-Ed,,"['Corporate Social Responsibility', 'Presidential Election of 2020', 'United States Politics and Government', 'State Legislatures', 'Conservatism (US Politics)', 'Law and Legislation', 'Corporations', 'Voter Registration and Requirements', 'Liberalism (US Politics)']"
Hundreds of companies and executives sign a statement opposing laws to limit voting.,2021-04-14,article,News,,[]
What the Fight for D.C. Statehood Means,2021-04-14,article,News,,"['States (US)', 'United States Politics and Government', 'Voting and Voters', 'Law and Legislation', 'Black People', 'Blacks']"
Why the Amazon Workers Never Stood a Chance,2021-04-15,article,Op-Ed,,"['Organized Labor', 'United States Politics and Government', ""Great Depression (1930's)""]"
Bitcoin Is Normal Now. Yay?,2021-04-15,article,News,,"['Virtual Currency', 'Bitcoin (Currency)']"
"Shares of TuSimple, a developer of autonomous trucks, fall sharply after I.P.O. before recovering.",2021-04-15,article,News,,"['Driverless and Semiautonomous Vehicles', 'Trucks and Trucking', 'Initial Public Offerings', 'Stocks and Bonds']"
What’s Going On in This Graph? | Gas-to-Electric Vehicle Turnover,2021-04-16,article,News,,[]
Revisiting the Unusual Celebrity of Stephen Hawking,2021-04-18,article,Review,,"['Books and Literature', 'Physics', 'Science and Technology', 'Space and Astronomy', 'Black Holes (Space)', 'Content Type: Personal Profile']"
"On the Water in Alaska, Where Salmon Fishing Dreams Live On",2021-04-19,article,News,,"['Salmon', 'Fishing, Commercial', 'Fishing, Sport', 'Travel and Vacations']"
An E.V. Start-Up Backed by UPS Does Away With the Assembly Line,2021-04-21,article,News,,"['Automobiles', 'Electric and Hybrid Vehicles', 'Vans', 'Buses', 'Factories and Manufacturing', 'Robots and Robotics', 'Start-ups']"
Three Electric S.U.V.s With Tesla in Their Sights,2021-04-22,article,News,,"['Electric and Hybrid Vehicles', 'Sports Utility Vehicles and Light Trucks']"
A start-up says it has come up with a cheaper way to build vehicles in small factories.,2021-04-22,article,News,,[]
Biden Wants to Slash Emissions. Success Would Mean a Very Different America.,2021-04-22,article,News,,"['Global Warming', 'Greenhouse Gas Emissions', 'Carbon Capture and Sequestration', 'Carbon Caps and Emissions Trading Programs', 'Carbon Dioxide', 'Electric and Hybrid Vehicles', 'Alternative and Renewable Energy', 'Regulation and Deregulation of Industry', 'United States Economy', 'United States Politics and Government']"
"ABC sells out ad time for the Oscars, even as fewer people are expected to watch.",2021-04-23,article,News,,"['Television', 'Academy Awards (Oscars)', 'Advertising and Marketing']"
A Tiny Part’s Big Ripple: Global Chip Shortage Hobbles the Auto Industry,2021-04-23,article,News,,"['Automobiles', 'Computer Chips', 'Shortages', 'Factories and Manufacturing']"
"Johnson & Johnson, India, Oscars: Your Friday Evening Briefing",2021-04-23,article,briefing,,[]
Biden’s Bet on a Climate Transition Carries Big Risks,2021-04-24,article,News,,"['Global Warming', 'Greenhouse Gas Emissions', 'American Jobs Plan (2021)', 'Electric and Hybrid Vehicles', 'Electric Light and Power', 'Alternative and Renewable Energy', 'Solar Energy', 'Wind Power', 'Factories and Manufacturing', 'Regulation and Deregulation of Industry', 'Coal', 'Oil (Petroleum) and Gasoline', 'United States Economy', 'United States Politics and Government', 'Labor and Jobs']"
Overdue VHS Tape From 1999 Leads to Warrant for Embezzlement,2021-04-25,article,News,,"['Embezzlement', 'Video Recordings, Downloads and Streaming', 'Television', 'Video Releases (Entertainment)']"
"Oscars Ratings Plummet, With Fewer Than 10 Million Tuning In",2021-04-26,article,News,,"['Quarantine (Life and Culture)', 'Ratings (Audience Measurement)', 'Movies', 'Academy Awards (Oscars)', 'Television']"
Tesla Makes Money (Including From Selling Cars),2021-04-27,article,News,,"['Corporate Social Responsibility', 'Virtual Currency', 'Electric and Hybrid Vehicles', 'Bitcoin (Currency)', 'Fuel Emissions (Transportation)']"
From Babbling to Birdsong: What Finches Can Teach Us About Vocal Learning,2021-04-29,article,News,,[]
"The Giants Traded Back and, Some Say, Well",2021-04-30,article,News,,"['Football', 'Draft and Recruitment (Sports)']"
Widespread Commodity Shortages Raise Inflation Fears,2021-05-03,article,News,,"['Shortages', 'Commodities', 'United States Economy', 'International Trade and World Market', 'Computer Chips', 'Prices (Fares, Fees and Rates)', 'Inflation (Economics)', 'Automobiles', 'Coronavirus (2019-nCoV)', 'Factories and Manufacturing', 'Building (Construction)']"
"As Cars Go Electric, China Builds a Big Lead in Factories",2021-05-04,article,News,,"['Automobiles', 'Electric and Hybrid Vehicles', 'Start-ups', 'Factories and Manufacturing', 'International Trade and World Market', 'Politics and Government']"
Buying an Electric Vehicle? Here Is Some Advice.,2021-05-04,article,News,,"['Electric and Hybrid Vehicles', 'Content Type: Service', 'Fuel Emissions (Transportation)', 'Fuel Efficiency', 'Personal Finances', 'Sports Utility Vehicles and Light Trucks', 'Tax Credits, Deductions and Exemptions', 'Automobiles']"
The Lithium Gold Rush: Inside the Race to Power Electric Vehicles,2021-05-06,article,News,,"['Lithium (Metal)', 'Mines and Mining', 'Electric and Hybrid Vehicles', 'Batteries', 'Alternative and Renewable Energy', 'Conservation of Resources', 'Water Pollution', 'Geothermal Power', 'United States Politics and Government']"
Ontario’s Premier Wants a Tighter Border. A U.S. Senator Eyes Reopening It.,2021-05-07,article,News,,[]
Ma’Khia Bryant’s Journey Through Foster Care Ended With an Officer’s Bullet,2021-05-08,article,News,,"['Foster Care', 'Child Custody and Support', 'Police Brutality, Misconduct and Shootings']"
U.S. Asks Mexico to Investigate Labor Issues at G.M. Facility,2021-05-12,article,News,,"['United States-Mexico-Canada Agreement', 'Collective Bargaining', 'Workplace Hazards and Violations', 'Organized Labor', 'Factories and Manufacturing']"
Bottom Drops Out of the Red-Hot Market for Electric Vehicle Start-Ups,2021-05-12,article,News,,"['Electric and Hybrid Vehicles', 'Factories and Manufacturing', 'Automobiles', 'Sports Utility Vehicles and Light Trucks', 'Special Purpose Acquisition Companies (SPAC)', 'Stocks and Bonds']"
The U.S. asks Mexico to investigate allegations of labor violations at a G.M. facility.,2021-05-12,article,News,,[]
Crackdown on Emissions ‘Defeat Devices’ Has Amateur Racers Up in Arms,2021-05-13,article,News,,"['Clean Air Act', 'Fuel Emissions (Transportation)', 'Automobiles', 'Air Pollution', 'Suits and Litigation (Civil)', 'Automobile Racing']"
He’s a Dogecoin Millionaire. And He’s Not Selling.,2021-05-14,article,News,,"['Virtual Currency', 'Stocks and Bonds', 'Content Type: Personal Profile', 'Credit and Debt', 'Social Media']"
Read the document: Plea Deal for Joel Greenberg,2021-05-14,multimedia,Interactive Feature,,[]
Celebrate National Masturbation Month With These Sex Toy and Vibrator Deals,2021-05-17,wirecutterarticle,,,[]
Electric Pickups Could Make or Break Biden’s Infrastructure Plans,2021-05-18,article,News,,"['Electric and Hybrid Vehicles', 'Automobiles', 'Fuel Efficiency', 'Fuel Emissions (Transportation)', 'Greenhouse Gas Emissions', 'Global Warming', 'Infrastructure (Public Works)', 'American Jobs Plan (2021)', 'United States Economy', 'United States Politics and Government']"
"‘When You Hear the Heart, You Know It’s Your Motor’",2021-05-19,article,News,,"['Baseball', 'Content Type: Personal Profile']"
Ford’s Electric F-150 Pickup Aims to Be the Model T of E.V.s,2021-05-19,article,News,,"['Sports Utility Vehicles and Light Trucks', 'Electric and Hybrid Vehicles', 'Fuel Emissions (Transportation)', 'Factories and Manufacturing', 'Global Warming', 'United States Politics and Government']"
Odometer Rollbacks: A Hard-to-Spot Nuisance for Car Shoppers,2021-05-20,article,News,,"['Automobiles', 'Automobile Service and Charging Stations', 'Computers and the Internet', 'Frauds and Swindling', 'Used Cars']"
Your Friday Briefing,2021-05-20,article,briefing,,"['Nuclear Weapons', 'Coronavirus (2019-nCoV)', 'Peace Process', 'United States International Relations', 'Defense and Military Forces', 'War and Armed Conflicts', 'Vaccination and Immunization', 'Palestinians']"
A Clear Connection Leads to Marriage,2021-05-21,article,News,,['Weddings and Engagements']
"At the Monaco Grand Prix, a Toned-Down Weekend",2021-05-21,article,News,,"['Monaco Grand Prix (Auto Race)', 'Automobile Racing', 'Parties (Social)']"
"In Monaco, a Royal Collection of Cars",2021-05-21,article,News,,"['Automobiles', 'Monaco Grand Prix (Auto Race)', 'Automobile Racing', 'Collectors and Collections']"
A 1960 Corvette That Vanished for 40 Years After Le Mans Is Auctioned Off,2021-05-23,article,News,,"['Le Mans Auto Race', 'Antique and Classic Cars', 'Auctions']"
How Mazda Rode Out the Pandemic While Rivals Slipped,2021-05-27,article,News,,"['Automobiles', 'Automobile Safety Features and Defects', 'Small Cars (Compact, Subcompact and Microcars)', 'Factories and Manufacturing']"
G.M. will restart several plants idled by the global chip shortage.,2021-05-27,article,News,,"['Automobiles', 'Shutdowns (Institutional)', 'Factories and Manufacturing', 'Shortages']"
"Biden’s $6 Trillion Budget Aims for Path to Middle Class, Financed by the Rich",2021-05-28,article,News,,"['Federal Budget (US)', 'National Debt (US)', 'Federal Taxes (US)', 'Income Tax', 'Corporate Taxes', 'United States Economy', 'United States Politics and Government']"
Helio Castroneves Wins Indianapolis 500 for a Fourth Time,2021-05-30,article,News,,"['Automobile Racing', 'Indianapolis 500 (Auto Race)']"
Portugal Is Riding a Boom in Bicycles,2021-06-02,article,News,,"['Bicycles and Bicycling', 'International Trade and World Market', 'Factories and Manufacturing', 'Customs (Tariff)', 'Labor and Jobs', 'Coronavirus (2019-nCoV)']"
G.M. will increase production of cars and trucks as the chip shortage eases.,2021-06-03,article,News,,"['Automobiles', 'Shutdowns (Institutional)', 'Company Reports', 'Shortages', 'Sports Utility Vehicles and Light Trucks', 'Factories and Manufacturing']"
Can Travel Be Fun Again?,2021-06-04,article,News,,"['Travel and Vacations', 'AIRLINES AND AIRPLANES', 'Coronavirus (2019-nCoV)', 'Travel Warnings', 'Quarantine (Life and Culture)', 'Anxiety and Stress']"
"After Kamloops Discovery, Indigenous Music Summit Refocuses",2021-06-04,article,News,,"['Indigenous People', 'Music', 'Documentary Films and Programs']"
"On Voting Rights, It Can Cost Companies to Take Both Sides",2021-06-05,article,News,,"['Corporate Social Responsibility', 'Boards of Directors', 'Shareholder Rights and Activism']"
Lewis Hamilton Gives Encouragement to Naomi Osaka,2021-06-08,article,News,,"['French Open (Tennis)', 'Tennis', 'Automobile Racing']"
Electric truck start-up Lordstown doesn’t have cash to begin production.,2021-06-08,article,News,,"['Mergers, Acquisitions and Divestitures', 'Electric and Hybrid Vehicles', 'Automobiles', 'Sports Utility Vehicles and Light Trucks', 'Factories and Manufacturing']"
G.M. agrees to tighter federal restrictions aimed at combating climate change.,2021-06-09,article,News,,"['Automobiles', 'Fuel Emissions (Transportation)', 'Fuel Efficiency', 'Global Warming']"
"Faltering for Years, Ford Is Showing Signs of a Revival",2021-06-09,article,News,,"['Automobiles', 'Electric and Hybrid Vehicles', 'Sports Utility Vehicles and Light Trucks', 'Executives and Management (Theory)', 'Stocks and Bonds']"
U.S. asks Mexico to review a second complaint about labor violations in its auto industry.,2021-06-09,article,News,,"['Labor and Jobs', 'Workplace Hazards and Violations', 'Collective Bargaining', 'Organized Labor', 'Factories and Manufacturing', 'International Trade and World Market']"
"Prices Jumped 5% in May From Year Earlier, Stoking Debate in Washington",2021-06-10,article,News,,"['United States Economy', 'Inflation (Economics)', 'Consumer Price Index', 'Prices (Fares, Fees and Rates)', 'Stimulus (Economic)', 'United States Politics and Government', 'Labor and Jobs', 'Coronavirus (2019-nCoV)', 'Coronavirus Aid, Relief, and Economic Security Act (2020)']"
"Lordstown, Truck Maker That Can’t Afford to Make Trucks, Is on the Brink",2021-06-14,article,News,,"['Sports Utility Vehicles and Light Trucks', 'Automobiles', 'Mergers, Acquisitions and Divestitures', 'Electric and Hybrid Vehicles', 'Initial Public Offerings', 'Factories and Manufacturing', 'Start-ups', 'Special Purpose Acquisition Companies (SPAC)']"
"In an about-face, Lordstown Motors says it has enough money and will start building trucks.",2021-06-15,article,News,,"['Stocks and Bonds', 'Electric and Hybrid Vehicles', 'Production']"
Encounters With Ghosts on Georgia’s Golden Isles,2021-06-16,article,News,,"['Black People', 'Blacks', 'Slavery (Historical)', 'Discrimination', 'Travel and Vacations']"
G.M. will increase investment in electric vehicles by 30 percent and build more battery plants.,2021-06-16,article,News,,"['Electric and Hybrid Vehicles', 'Automobiles', 'Factories and Manufacturing', 'Batteries', 'Production', 'Company Reports']"
"Happy to Shun Showrooms, Millennials Storm the Car Market",2021-06-17,article,News,,"['Automobiles', 'Computers and the Internet', 'E-Commerce', 'Millennial Generation', 'Mobile Applications', 'Used Cars']"
"Lordstown Motors reverses itself again, telling S.E.C. it has no ‘binding’ orders.",2021-06-17,article,News,,"['Mergers, Acquisitions and Divestitures', 'Regulation and Deregulation of Industry', 'Automobiles', 'Factories and Manufacturing', 'Electric and Hybrid Vehicles', 'Stocks and Bonds']"
"As China Scrutinizes Its Entrepreneurs, a Power Couple Cashes Out",2021-06-17,article,News,,"['Real Estate (Commercial)', 'Mergers, Acquisitions and Divestitures', 'Politics and Government', 'Economic Conditions and Trends', 'Content Type: Personal Profile']"
‘I’m Getting Ready’: Football Star’s Cryptic Video Could Upend Georgia Senate Race,2021-06-19,article,News,,"['Elections, Senate', 'United States Politics and Government']"
The Week in Business: Here Come the Trustbusters,2021-06-20,article,News,,"['United States Economy', 'Antitrust Laws and Competition Issues', 'Mergers, Acquisitions and Divestitures', 'Regulation and Deregulation of Industry']"
Lordstown Motors Opens Up Its Electric Truck Factory to Show Progress,2021-06-21,article,News,,"['Automobiles', 'Electric and Hybrid Vehicles', 'Trucks and Trucking', 'Factories and Manufacturing']"
The Reluctant Rider’s Guide to Biking,2021-06-25,article,News,,"['Bicycles and Bicycling', 'Content Type: Service', 'Electric and Hybrid Vehicles', 'Cycling, Mountain Bike', 'Exercise', 'Roads and Traffic', 'Cycling, Road']"
Air Pollution’s Invisible Toll on Your Health,2021-06-28,article,News,,"['Air Pollution', 'Greenhouse Gas Emissions', 'Hazardous and Toxic Substances', 'Respiratory Diseases', 'Clean Air Act']"
The United Auto Workers name a successor to the departing president.,2021-06-28,article,News,,"['Automobiles', 'Appointments and Executive Changes', 'Organized Labor']"
"The chief executive of Teneo, an influential advisory firm, steps down.",2021-06-29,article,News,,['Appointments and Executive Changes']
Read the document,2021-06-29,multimedia,Interactive Feature,,[]
Crashes involving Tesla Autopilot and other driver-assistance systems get new scrutiny.,2021-06-29,article,News,,"['Traffic Accidents and Safety', 'Automobile Safety Features and Defects', 'Driverless and Semiautonomous Vehicles', 'Electric and Hybrid Vehicles', 'Regulation and Deregulation of Industry']"
A Big P.R. Problem,2021-06-30,article,News,,"['Bitcoin (Currency)', 'Artificial Intelligence']"
Automania at MoMA Balances Celebration and Criticism of Cars,2021-07-01,article,News,,"['Automobiles', 'Art', 'Museums']"
‘No Sudden Move’ Review: Don’t Forget the Motor City,2021-07-01,article,Review,,['Movies']
Bezos’ Exit Is One of Many Among Amazon’s Top Ranks,2021-07-02,article,News,,"['Appointments and Executive Changes', 'Computers and the Internet', 'Cloud Computing', 'E-Commerce']"
"As Sales Climb, Automakers Struggle to Produce Enough Cars",2021-07-02,article,News,,"['Company Reports', 'Automobiles', 'Electric and Hybrid Vehicles', 'Shortages']"
"Federal prosecutors are looking into Lordstown, the electric truck company.",2021-07-02,article,News,,"['Electric and Hybrid Vehicles', 'Regulation and Deregulation of Industry', 'Automobiles', 'Special Purpose Acquisition Companies (SPAC)']"
"Amazon Transformed Seattle. Now, Its Workers Are Poised to Take It Back.",2021-07-05,article,Op-Ed,,"['Workplace Hazards and Violations', 'Strikes', 'Layoffs and Job Reductions', 'Computers and the Internet', 'Organized Labor']"
Tesla Says Autopilot Makes Its Cars Safer. Crash Victims Say It Kills.,2021-07-05,article,News,,"['Traffic Accidents and Safety', 'Driverless and Semiautonomous Vehicles', 'Electric and Hybrid Vehicles', 'Automobile Safety Features and Defects', 'Suits and Litigation (Civil)', 'Deaths (Fatalities)']"
"Tesla sales are way up, but Ford and others are still grappling with a semiconductor shortage.",2021-07-06,article,News,,[]
Mexico to Allow Union Vote at G.M. Plant After U.S. Complaint,2021-07-09,article,News,,"['Collective Bargaining', 'United States International Relations', 'Organized Labor', 'Politics and Government', 'United States-Mexico-Canada Agreement', 'Automobiles']"
Mexico will allow a union vote at a General Motors plant after a U.S. complaint.,2021-07-09,article,News,,[]
"Branson Completes Virgin Galactic Flight, Aiming to Open Up Space Tourism",2021-07-11,article,News,,"['Private Spaceflight', 'Space and Astronomy']"
"Behind the Lordstown Debacle, the Hand of a Wall Street Dealmaker",2021-07-13,article,News,,"['Special Purpose Acquisition Companies (SPAC)', 'Mergers, Acquisitions and Divestitures', 'Automobiles', 'Electric and Hybrid Vehicles', 'Banking and Financial Institutions', 'Suits and Litigation (Civil)']"
Tapping Into the Brain to Help a Paralyzed Man Speak,2021-07-14,article,News,,"['Voice and Speech', 'Brain', 'Implants', 'Computers and the Internet', 'Research', 'Paralysis', 'your-feed-science']"
"After Fires, Chevrolet Bolt Owners Are Warned: Don’t Park Indoors",2021-07-15,article,News,,"['Electric and Hybrid Vehicles', 'Fires and Firefighters', 'Batteries', 'Automobile Safety Features and Defects', 'Recalls and Bans of Products']"
‘The Market Is Insane’: Cars Are Sold Even Before They Hit the Lot,2021-07-15,article,News,,"['Automobiles', 'Used Cars', 'Production', 'Shortages', 'Computer Chips', 'Quarantine (Life and Culture)', 'Coronavirus (2019-nCoV)']"
PG&E Aims to Curb Wildfire Risk by Burying Many Power Lines,2021-07-21,article,News,,"['Accidents and Safety', 'Electric Light and Power', 'Wildfires']"
"Tesla’s Factory Near Berlin Runs Into Activists, Red Tape and Lizards",2021-07-22,article,News,,"['Factories and Manufacturing', 'Electric and Hybrid Vehicles']"
Mercedes-Benz will shift its focus to electric vehicles by 2025.,2021-07-22,article,News,,['Electric and Hybrid Vehicles']
"Invest in China, but Without Illusions",2021-07-23,article,News,,"['Stocks and Bonds', 'Content Type: Service', 'Asset Allocation (Personal Finances)', 'Mutual Funds', 'Regulation and Deregulation of Industry']"
Meet the Crypto Nomads,2021-07-23,article,News,,"['Derivatives (Financial Instruments)', 'Virtual Currency']"
What Makes Elon Musk Different,2021-07-23,article,Review,,"['Books and Literature', 'Automobiles', 'Electric and Hybrid Vehicles', 'Rocket Science and Propulsion', 'Private Spaceflight', 'Innovation']"
G.M. issues a new recall of Chevrolet Bolts over a battery fire hazard.,2021-07-23,article,News,,"['Automobiles', 'Automobile Safety Features and Defects', 'Electric and Hybrid Vehicles', 'Recalls and Bans of Products', 'Batteries']"
"Purnell Choppin, 91, Dies; Researcher Laid Groundwork for Pandemic Fight",2021-07-23,article,Obituary (Obit),,"['Viruses', 'Deaths (Obituaries)', 'Philanthropy', 'Medicine and Health', 'Research']"
Toyota Led on Clean Cars. Now Critics Say It Works to Delay Them.,2021-07-25,article,News,,"['Global Warming', 'Greenhouse Gas Emissions', 'Automobiles', 'Electric and Hybrid Vehicles', 'Hydrogen', 'Fuel Emissions (Transportation)', 'Fuel Efficiency']"
Rookie Bankers Sour on Wall Street’s Pitch of Big Pay and Long Hours,2021-07-26,article,News,,"['Banking and Financial Institutions', 'Work-Life Balance', 'Careers and Professions', 'Hiring and Promotion', 'Workplace Environment', 'Generation Z']"
"Lordstown Motors, a troubled electric truck start-up, raises up to $400 million.",2021-07-26,article,News,,"['Special Purpose Acquisition Companies (SPAC)', 'Automobiles', 'Trucks and Trucking', 'Electric and Hybrid Vehicles']"
Tesla reports a big jump in profit.,2021-07-26,article,News,,"['Automobiles', 'Electric and Hybrid Vehicles', 'Company Reports', 'Shortages', 'Coronavirus (2019-nCoV)']"
"50 Years Ago, NASA Put a Car on the Moon",2021-07-27,article,News,,"['Apollo Project', 'Automobiles', 'Moon', 'Engineering and Engineers', 'Geology', 'Space and Astronomy']"
Biden’s Antitrust Team Talks Its Way to a Win,2021-07-27,article,News,,"['Antitrust Laws and Competition Issues', 'Mergers, Acquisitions and Divestitures', 'Telecommuting', 'Vaccination and Immunization']"
"Masks, Simone Biles, Jan. 6: Your Tuesday Evening Briefing",2021-07-27,article,briefing,,[]
Your Wednesday Briefing,2021-07-28,article,briefing,,[]
Workers’ Anxiety Grows as Covid Variant Casts a Shadow,2021-07-28,article,News,,"['Workplace Hazards and Violations', 'Labor and Jobs', 'Masks', 'Vaccination and Immunization', 'Coronavirus (2019-nCoV)', 'Organized Labor', 'Consumer Behavior', 'Coronavirus Reopenings']"
Ford profit drops 50 percent because of a global chip shortage.,2021-07-28,article,News,,"['Company Reports', 'Automobiles', 'Computer Chips', 'Production', 'Factories and Manufacturing', 'Shortages', 'Coronavirus (2019-nCoV)', 'Sports Utility Vehicles and Light Trucks', 'Electric and Hybrid Vehicles']"
Nikola Founder Is Charged With Fraud in Rebuke to Wall Street,2021-07-29,article,News,,"['Securities and Commodities Violations', 'Stocks and Bonds', 'Special Purpose Acquisition Companies (SPAC)', 'Electric and Hybrid Vehicles', 'Trucks and Trucking', 'Regulation and Deregulation of Industry', 'Automobiles', 'Initial Public Offerings', 'Suits and Litigation (Civil)', 'Start-ups']"
Pistons Select Cade Cunningham With No. 1 Pick in N.B.A. Draft,2021-07-30,article,News,,"['Basketball', 'Draft and Recruitment (Sports)']"
Why Tesla’s ‘Beta Testing’ Puts the Public at Risk,2021-07-30,article,Op-Ed,,"['Driverless and Semiautonomous Vehicles', 'Traffic Accidents and Safety', 'Automobile Safety Features and Defects', 'Roads and Traffic', 'Consumer Protection']"
Even the Pope Has Prayed to Venezuela’s Beloved ‘Doctor of the Poor’,2021-08-01,article,News,,"['Hospitals', 'Medicine and Health', 'Beatifications and Canonizations', 'Coronavirus (2019-nCoV)', 'Politics and Government', 'Monuments and Memorials (Structures)']"
The Week in Business: Robinhood Fizzled as Silicon Valley Sizzled,2021-08-01,article,News,,"['Stocks and Bonds', 'United States Economy', 'Initial Public Offerings', 'Coronavirus (2019-nCoV)', 'Coronavirus Reopenings']"
The Corporate Vaccine Gap,2021-08-02,article,News,,"['Coronavirus Reopenings', 'Vaccination and Immunization']"
Read the Sexual Harassment Report on Andrew Cuomo,2021-08-03,multimedia,Interactive Feature,,['Sexual Harassment']
"If You Paid Your Debt to Society, You Should Be Allowed to Work",2021-08-04,article,Op-Ed,,"['Labor and Jobs', 'Ex-Convicts', 'Prisons and Prisoners']"
"Robinhood’s shares jump as much as 65 percent, like the meme stocks it enabled.",2021-08-04,article,News,,"['Initial Public Offerings', 'Stocks and Bonds', ""Standard & Poor's 500-Stock Index""]"
"Biden, in a Push to Phase Out Gas Cars, Tightens Pollution Rules",2021-08-05,article,News,,"['Automobiles', 'Electric and Hybrid Vehicles', 'Automobile Service and Charging Stations', 'Fuel Emissions (Transportation)', 'Fuel Efficiency', 'Oil (Petroleum) and Gasoline', 'Global Warming', 'Regulation and Deregulation of Industry', 'United States Politics and Government']"
President Biden sets a goal of 50 percent electric vehicle sales by 2030.,2021-08-05,article,News,,"['Automobiles', 'Electric and Hybrid Vehicles']"
How Biden’s E.V. Plan Could Help Tesla and Squeeze Toyota,2021-08-06,article,News,,"['Electric and Hybrid Vehicles', 'Automobiles', 'Fuel Emissions (Transportation)', 'Fuel Efficiency', 'Batteries', 'Factories and Manufacturing', 'Global Warming', 'United States Politics and Government']"
A Push for Electric Vehicles,2021-08-06,article,briefing,,[]
Electric Cars for Everyone? Not Unless They Get Cheaper.,2021-08-09,article,News,,"['Electric and Hybrid Vehicles', 'Consumer Behavior', 'Tax Credits, Deductions and Exemptions', 'Automobile Service and Charging Stations', 'High Net Worth Individuals', 'Prices (Fares, Fees and Rates)']"
BMW Has Fallen Behind in the Electric Vehicle Race. Can It Catch Up?,2021-08-10,article,News,,"['Electric and Hybrid Vehicles', 'Factories and Manufacturing', 'Luxury Goods and Services']"
"Bangladesh, Citing Economic Pain, Reopens Amid Worst Covid Wave Yet",2021-08-11,article,News,,"['Coronavirus (2019-nCoV)', 'Disease Rates', 'Hospitals', 'Oxygen', 'Deaths (Fatalities)', 'Poverty', 'Workplace Hazards and Violations', 'Coronavirus Reopenings', 'Politics and Government', 'Economic Conditions and Trends']"
Lordstown Motors says it is likely to begin only ‘limited production’ of its electric truck this year.,2021-08-11,article,News,,"['Automobiles', 'Start-ups', 'Factories and Manufacturing']"
Can America Really Drive Its Way Out of Climate Change?,2021-08-12,article,Op-Ed,,"['Electric and Hybrid Vehicles', 'Greenhouse Gas Emissions', 'Transit Systems', 'United States Politics and Government', 'Automobile Service and Charging Stations']"
The Hidden Melodies of Subways Around the World,2021-08-13,multimedia,Interactive Feature,,"['Transit Systems', 'Subways', 'Music']"
A Skeptical Stock Analyst Wins Big by Seeking Out Frauds,2021-08-16,article,News,,"['Stocks and Bonds', 'Short Selling', 'Electric and Hybrid Vehicles', 'Securities and Commodities Violations', 'Ponzi and Pyramid Schemes', 'Special Purpose Acquisition Companies (SPAC)', 'Hedge Funds', 'Whistle-Blowers']"
U.S. Will Investigate Tesla’s Autopilot System Over Crashes With Emergency Vehicles,2021-08-16,article,News,,"['Traffic Accidents and Safety', 'Automobile Safety Features and Defects', 'Electric and Hybrid Vehicles', 'Driverless and Semiautonomous Vehicles', 'Deaths (Fatalities)', 'Driver Distraction and Fatigue']"
‘It Happened So Fast’: Inside a Fatal Tesla Autopilot Accident,2021-08-17,article,News,,"['Traffic Accidents and Safety', 'Driverless and Semiautonomous Vehicles', 'Suits and Litigation (Civil)', 'Automobile Safety Features and Defects', 'Electric and Hybrid Vehicles', 'Deaths (Fatalities)', 'Driver Distraction and Fatigue', 'audio-negative-tragedy', 'audio-neutral-informative']"
Bill Ackman’s SPAC Gets Sued,2021-08-17,article,News,,"['Special Purpose Acquisition Companies (SPAC)', 'Driverless and Semiautonomous Vehicles', 'Venture Capital', 'Traffic Accidents and Safety', 'Automobile Safety Features and Defects', 'Telemedicine', 'Medicine and Health']"
Books That Cover Two Human Constants: Time and Motion,2021-08-17,article,Review,,"['Books and Literature', 'Automobiles', 'Driverless and Semiautonomous Vehicles', 'Electric and Hybrid Vehicles', 'Roads and Traffic', 'Horses', 'Watches and Clocks', 'Time']"
The Dream Cars of the Car Designers,2021-08-19,article,News,,"['Antique and Classic Cars', 'Design']"
"Toyota, hurt by the chip shortage, will reduce output 40 percent in September.",2021-08-19,article,News,,"['Automobiles', 'Shortages', 'Shutdowns (Institutional)', 'Coronavirus (2019-nCoV)', 'Factories and Manufacturing']"
"Tesla Sells ‘Full Self-Driving,’ but What Is It Really?",2021-08-20,article,News,,"['Driverless and Semiautonomous Vehicles', 'Traffic Accidents and Safety', 'Sensors']"
G.M. Expands Chevrolet Bolt Recall Over Battery Fire Concern,2021-08-20,article,News,,"['Electric and Hybrid Vehicles', 'Automobiles', 'Automobile Safety Features and Defects', 'Batteries', 'Recalls and Bans of Products', 'Production', 'Factories and Manufacturing']"
Last Stop on the Way to the Cosmos? No Thanks.,2021-08-21,article,News,,"['Wildlife Sanctuaries and Nature Reserves', 'Private Spaceflight', 'Rocket Science and Propulsion', 'Explosions (Accidental)', 'Wildfires', 'Federal Lands', 'National Parks, Monuments and Seashores', 'Historic Buildings and Sites', 'Land Use Policies']"
"God, Money, YOLO: How Cathie Wood Found Her Flock",2021-08-22,article,News,,"['Stocks and Bonds', 'Banking and Financial Institutions', 'Christians and Christianity', 'Content Type: Personal Profile']"
How G.M.’s First Turbo Engines Crashed and Burned,2021-08-26,article,News,,"['Automobiles', 'Engines']"
"Rivian, Electric Truck Maker Backed by Amazon and Ford, Files for I.P.O.",2021-08-27,article,News,,"['Initial Public Offerings', 'Electric and Hybrid Vehicles', 'Sports Utility Vehicles and Light Trucks', 'Automobiles']"
Tesla is ordered to turn over Autopilot data to a federal safety agency.,2021-09-01,article,News,,"['Driverless and Semiautonomous Vehicles', 'Automobile Safety Features and Defects', 'Traffic Accidents and Safety']"
G.M. will idle more factories this month as a chip shortage drags on.,2021-09-02,article,News,,"['Automobiles', 'Shortages', 'Coronavirus (2019-nCoV)', 'Sports Utility Vehicles and Light Trucks', 'Production']"
What is Apple Thinking?,2021-09-03,article,News,,"['Mobile Applications', 'E-Commerce', 'Hurricane Ida (2021)', 'Tax Evasion', 'High Net Worth Individuals', 'Global Warming']"
Five Science-Fiction Movies to Stream Now,2021-09-03,article,News,,"['Movies', 'Science Fiction']"
The Week in Business: New Orleans Goes Dark,2021-09-05,article,News,,"['United States Economy', 'Hurricane Ida (2021)', 'Hurricanes and Tropical Storms', 'Power Failures and Blackouts']"
Let’s Honor the True Spirit of Labor Day,2021-09-05,article,Op-Ed,,"['Organized Labor', 'Labor and Jobs', 'Labor Day', 'Strikes']"
Why You Might Not Be Returning to the Office Until Next Year,2021-09-06,article,News,,"['Paid Time Off', 'Coronavirus Delta Variant', 'Coronavirus Return to Office', 'Labor and Jobs', 'Workplace Hazards and Violations', 'Disease Rates', 'Vaccination and Immunization']"
The Mighty Pickup Slims Down,2021-09-08,article,News,,"['Sports Utility Vehicles and Light Trucks', 'Automobiles', 'Electric and Hybrid Vehicles']"
What Will School Really Look Like This Fall?,2021-09-08,article,News,,"['Education (K-12)', 'Private and Sectarian Schools', 'Children and Childhood', 'Colleges and Universities', 'Income Inequality', 'Coronavirus Risks and Safety Concerns']"
"Building a More Sustainable Car, From Headlamp to Tailpipe",2021-09-09,article,News,,"['Automobiles', 'Greenhouse Gas Emissions', 'Fuel Emissions (Transportation)', 'Fuel Efficiency', 'Electric and Hybrid Vehicles', 'Factories and Manufacturing', 'Recycling of Waste Materials', 'Luxury Goods and Services', 'Sustainable Living']"
Ford will stop making cars in India after losing $2 billion there over 10 years.,2021-09-09,article,News,,"['Automobiles', 'Shutdowns (Institutional)']"
"Ford’s exit from India hits workers, dealers and customers.",2021-09-10,article,News,,"['Automobiles', 'Factories and Manufacturing']"
Can a Green-Economy Boom Town Be Built to Last?,2021-09-13,article,News,,"['Labor and Jobs', 'Electric and Hybrid Vehicles', 'Economic Conditions and Trends', 'Factories and Manufacturing', 'Building (Construction)', 'Alternative and Renewable Energy', 'Automobiles', 'Restoration and Renovation']"
Justice Dept.’s Emergency Motion Asking a Judge to Block Texas’ Abortion Law,2021-09-15,multimedia,Interactive Feature,,"['Abortion', 'Law and Legislation', 'Federal-State Relations (US)']"
Ford’s Truck of the Future Looks Pretty Familiar,2021-09-15,article,News,,"['Trucks and Trucking', 'Greenhouse Gas Emissions', 'Electric and Hybrid Vehicles', 'Fuel Emissions (Transportation)', 'Fuel Efficiency', 'Global Warming']"
"To Unseat Trudeau, Canada’s Top Conservative Leans Left",2021-09-15,article,News,,"['Politics and Government', 'Polls and Public Opinion']"
"Lucid Motors beats Tesla in range, going 520 miles on a charge, the E.P.A. says.",2021-09-16,article,News,,"['Electric and Hybrid Vehicles', 'Fuel Efficiency', 'Start-ups']"
These Are the Art Shows and Events to See This Season,2021-09-17,article,News,,"['Art', 'Museums']"
"What Will It Take for Electric Vehicles to Create Jobs, Not Cut Them?",2021-09-22,article,News,,"['Electric and Hybrid Vehicles', 'Factories and Manufacturing', 'Labor and Jobs', 'Layoffs and Job Reductions', 'Organized Labor', 'Tax Credits, Deductions and Exemptions', 'Law and Legislation', 'United States Economy', 'United States Politics and Government']"
‘I Was Always Going to Be the Guy Who Figured It Out’,2021-09-23,article,News,,"['Football', 'Content Type: Personal Profile']"
"What Students Are Saying About School Vaccine Mandates, Nostalgia and Beachside Bliss",2021-09-23,article,News,,[]
Wall Street Scans the Lots as Used Cars Prod Inflation,2021-09-27,article,News,,"['Automobiles', 'Consumer Price Index', 'Inflation (Economics)', 'Used Cars', 'United States Economy', 'Coronavirus (2019-nCoV)']"
Ford Will Build 4 Factories in a Big Electric Vehicle Push,2021-09-27,article,News,,"['Electric and Hybrid Vehicles', 'Automobiles', 'Factories and Manufacturing', 'Batteries', 'Labor and Jobs', 'Sports Utility Vehicles and Light Trucks']"
Facebook Isn’t Scandal-Proof,2021-09-28,article,News,,"['internal-sub-only', 'Social Media']"
"Tarrytown, N.Y.: A ‘Quiet and Idyllic’ Place With Notable Diversity",2021-09-29,article,News,,['Real Estate and Housing (Residential)']
How Tyson’s Vaccine Mandate Is Working,2021-09-30,article,News,,"['Coronavirus (2019-nCoV)', 'Vaccination and Immunization', 'Labor and Jobs', 'Inflation (Economics)', 'United States Politics and Government', 'Business Schools']"
"Lordstown Motors Will Work With Foxconn, a Contract Manufacturer",2021-09-30,article,News,,"['Electric and Hybrid Vehicles', 'Automobiles', 'Factories and Manufacturing', 'Production', 'Mergers, Acquisitions and Divestitures', 'Stocks and Bonds', 'Initial Public Offerings', 'Sports Utility Vehicles and Light Trucks']"
High Octane and a Stick Shift: Standout Cars as an Era Starts to End,2021-10-01,article,News,,"['Automobiles', 'Antique and Classic Cars', 'Engines', 'Luxury Goods and Services']"
"Inflation Warning Signs Flash Red, Posing Challenge for Washington",2021-10-01,article,News,,"['Inflation (Economics)', 'Consumer Price Index', 'Prices (Fares, Fees and Rates)', 'United States Economy', 'United States Politics and Government']"
Chip Shortage Makes Big Dent in Automakers’ U.S. Sales,2021-10-01,article,News,,"['Computer Chips', 'Shortages', 'Automobiles', 'Consumer Behavior', 'Company Reports']"
Ann Dowd Sails Around New York Harbor,2021-10-01,article,News,,"['Actors and Actresses', 'Content Type: Personal Profile']"
Richard Powers on ‘Bewilderment’,2021-10-01,article,News,,['Books and Literature']
"British Nuns, General Motors and Other Letters to the Editor",2021-10-01,article,Letter,,['Books and Literature']
"Rivian, an Electric Vehicle Start-Up, Reveals Large Losses in Its I.P.O. Filing",2021-10-01,article,News,,"['Automobiles', 'Electric and Hybrid Vehicles', 'Stocks and Bonds', 'Initial Public Offerings', 'Sports Utility Vehicles and Light Trucks']"
Tesla Reports Record Quarterly Deliveries Amid Chip Scarcity,2021-10-02,article,News,,"['Automobiles', 'Electric and Hybrid Vehicles', 'Company Reports']"
‘Profit Over Safety’,2021-10-04,article,News,,"['Social Media', 'Electric and Hybrid Vehicles', 'Computers and the Internet', 'News and News Media', 'Driverless and Semiautonomous Vehicles', 'United States Politics and Government', 'Mergers, Acquisitions and Divestitures']"
Ford’s sales fell 27 percent in the third quarter because of chip shortages.,2021-10-04,article,News,,['Company Reports']
A safety agency finds no cause to investigate Tesla battery safety.,2021-10-04,article,News,,"['Automobiles', 'Electric and Hybrid Vehicles', 'Batteries', 'Automobile Safety Features and Defects', 'Accidents and Safety']"
G.M. Hopes Electric Cars and New Businesses Will Help Double Its Revenue,2021-10-06,article,News,,"['Electric and Hybrid Vehicles', 'Automobiles', 'Batteries', 'Driverless and Semiautonomous Vehicles', 'Sports Utility Vehicles and Light Trucks']"
"Tesla Will Move Its Headquarters to Austin, Texas, in Blow to California",2021-10-07,article,News,,"['Electric and Hybrid Vehicles', 'Relocation of Business', 'Automobiles', 'Shareholder Rights and Activism', 'Discrimination', 'Boards of Directors']"
What’s Delaying Vaccine Mandates?,2021-10-07,article,News,,"['Coronavirus (2019-nCoV)', 'Driverless and Semiautonomous Vehicles', 'Vaccination and Immunization', 'Coronavirus Reopenings', 'United States Politics and Government', 'Electric and Hybrid Vehicles', 'Bitcoin (Currency)', 'Virtual Currency']"
"Neal Sher, U.S. Government’s Leading Nazi Hunter, Dies at 74",2021-10-07,article,Obituary (Obit),,"['Holocaust and the Nazi Era', 'World War II (1939-45)', 'War Crimes, Genocide and Crimes Against Humanity', 'Deaths (Obituaries)', 'Deportation', 'Fort Hood Shooting (2014)', 'United States Politics and Government']"
Bezos Reaches for a Star,2021-10-07,article,News Analysis,,"['Private Spaceflight', 'Rocket Science and Propulsion', 'Space and Astronomy', 'High Net Worth Individuals']"
Read the document,2021-10-07,multimedia,Interactive Feature,,['Presidential Election of 2020']
The Film Industry Wants to Keep the Status Quo? Then Shut It Down.,2021-10-08,article,Op-Ed,,"['Strikes', 'Working Hours', 'Wages and Salaries', 'Labor and Jobs', 'Overtime', 'Organized Labor', 'Movies', 'Video Recordings, Downloads and Streaming']"
The Week in Business: Facebook’s Rough Stretch,2021-10-10,article,News,,"['Science and Technology', 'Social Media', 'Whistle-Blowers', 'Mobile Applications']"
"Corrections: Oct. 12, 2021",2021-10-12,article,Correction,,[]
Harry and Meghan Get into Finance,2021-10-12,article,News,,"['Corporate Social Responsibility', 'Stocks and Bonds', 'Appointments and Executive Changes', 'Company Reports', 'Initial Public Offerings', ""Standard & Poor's 500-Stock Index"", 'Longevity', 'Royal Families']"
"As earnings season begins, inflation and supply chain issues cloud the outlook.",2021-10-12,article,News,,"['Company Reports', 'International Trade and World Market', 'United States Economy', ""Standard & Poor's 500-Stock Index""]"
LG will pay G.M. $1.9 billion for a battery flaw that led to a Bolt recall.,2021-10-12,article,News,,"['Automobile Safety Features and Defects', 'Automobiles', 'Recalls and Bans of Products', 'Batteries', 'Factories and Manufacturing', 'Electric and Hybrid Vehicles']"
Spending Is Big Tech’s Superpower,2021-10-12,article,News,,"['Computers and the Internet', 'Finances', 'internal-sub-only']"
John Deere Workers Strike in Contract Dispute,2021-10-14,article,News,,"['Strikes', 'Organized Labor', 'Machinery and Equipment', 'Wages and Salaries', 'Employee Fringe Benefits', 'Agriculture and Farming']"
Anna Sui,2021-10-14,multimedia,Interactive Feature,,"['Fashion and Apparel', 'Content Type: Personal Profile']"
Lynn Nottage,2021-10-14,multimedia,Interactive Feature,,"['Content Type: Personal Profile', 'Theater', 'Writing and Writers']"
Glenn Ligon,2021-10-14,multimedia,Interactive Feature,,"['Content Type: Personal Profile', 'Art']"
Juliette Binoche,2021-10-14,multimedia,Interactive Feature,,"['Movies', 'Content Type: Personal Profile', 'Actors and Actresses']"
The Greats,2021-10-14,multimedia,Interactive Feature,,"['Content Type: Personal Profile', 'Actors and Actresses', 'Art', 'Theater', 'Writing and Writers', 'Fashion and Apparel']"
LeBron James’s SpringHill sells a minority stake to a group led by RedBird.,2021-10-14,article,News,,"['Mergers, Acquisitions and Divestitures', 'Media']"
"With Car Lots Sparse, Shoppers Drive Home in Their Second Choice, or Third …",2021-10-14,article,News,,"['Automobiles', 'Electric and Hybrid Vehicles', 'Used Cars', 'Shopping and Retail', 'Sports Utility Vehicles and Light Trucks', 'Shortages', 'Inflation (Economics)', 'United States Economy']"
Can a Carbon-Emitting Iron Ore Tycoon Save the Planet?,2021-10-16,article,News,,"['Content Type: Personal Profile', 'Global Warming', 'Greenhouse Gas Emissions', 'Mines and Mining', 'Steel and Iron', 'Alternative and Renewable Energy', 'Hydrogen', 'Politics and Government']"
Photography That Focuses on Those Who Are Often Not Seen,2021-10-19,article,News,,"['Art', 'Photography', 'Museums', 'Race and Ethnicity', 'Women and Girls']"
Meet the Lineup for the DealBook Online Summit,2021-10-20,article,News,,"['Mergers, Acquisitions and Divestitures', 'Video Recordings, Downloads and Streaming']"
"Fossil Fuel Drilling Plans Undermine Climate Pledges, U.N. Report Warns",2021-10-20,article,News,,"['Global Warming', 'Greenhouse Gas Emissions', 'Oil (Petroleum) and Gasoline', 'Natural Gas', 'Coal', 'Production', 'Mines and Mining', 'Alternative and Renewable Energy', 'United Nations Framework Convention on Climate Change']"
Essay: Should We Have War Crime Trials?,2021-10-21,article,News,,"['Books and Literature', 'United States Defense and Military Forces', 'War Crimes, Genocide and Crimes Against Humanity', 'Vietnam War']"
Climate Change Poses a Widening Threat to National Security,2021-10-21,article,News,,"['Global Warming', 'Greenhouse Gas Emissions', 'Migrants (Environmental)', 'Disasters and Emergencies', 'National Intelligence Estimates', 'United States Defense and Military Forces', 'United States Politics and Government', 'International Relations', 'audio-neutral-informative']"
The Week in Business: A Consumer Internet Deal,2021-10-24,article,News,,"['Stocks and Bonds', 'United States Economy', 'Mergers, Acquisitions and Divestitures', 'E-Commerce']"
"Yes, There Has Been Progress on Climate. No, It’s Not Nearly Enough.",2021-10-25,multimedia,Interactive Feature,,"['Greenhouse Gas Emissions', 'Global Warming', 'United Nations Framework Convention on Climate Change', 'Alternative and Renewable Energy']"
"Tesla Value Tops $1 Trillion After Hertz Orders 100,000 Cars",2021-10-25,article,News,,"['Electric and Hybrid Vehicles', 'Automobile Renting and Leasing', 'Automobiles', 'Stocks and Bonds']"
Tesla Joins an Exclusive Club,2021-10-26,article,News,,"['Securities and Commodities Violations', 'Workplace Hazards and Violations', 'Coronavirus (2019-nCoV)']"
I Fell in Love With Motorcycles. But Could I Ever Love Sturgis?,2021-10-27,article,News,,"['Motorcycles, Motor Bikes and Motorscooters', 'Quarantine (Life and Culture)', 'Coronavirus (2019-nCoV)', 'audio-positive-escape', 'audio-neutral-informative']"
Chip Shortage Dents Earnings at G.M. and Ford,2021-10-27,article,News,,"['Automobiles', 'Company Reports', 'Factories and Manufacturing', 'Computer Chips', 'Shortages', 'United States Economy']"
Ford’s profit declines as automakers deal with supply-chain troubles.,2021-10-27,article,News,,"['Automobiles', 'Computer Chips', 'Coronavirus (2019-nCoV)', 'Shortages', 'Company Reports']"
"Max Verstappen, the ‘What, Me Worry?’ Guy of Formula 1",2021-10-29,article,News,,"['Automobile Racing', 'Content Type: Personal Profile']"
Wooing Newcomers to ‘NASCAR Nation’,2021-10-29,article,News,,"['Automobile Racing', 'Fans (Persons)', 'Race and Ethnicity']"
The Demand for Money Behind Many Police Traffic Stops,2021-10-31,article,News,,"['Traffic and Parking Violations', 'Fines (Penalties)', 'Police Brutality, Misconduct and Shootings', 'Conflicts of Interest', 'Traffic Accidents and Safety']"
China’s Popular Electric Vehicles Have Put Europe’s Automakers on Notice,2021-10-31,article,News,,"['Automobiles', 'Electric and Hybrid Vehicles']"
The Week in Business: From Facebook to Meta,2021-10-31,article,News,,"['Stocks and Bonds', 'United States Economy', 'Social Media', 'Data-Mining and Database Marketing', 'Whistle-Blowers', 'Computers and the Internet']"
What Is a ‘Carbon Footprint’? And 12 Other Climate Buzzwords,2021-11-01,multimedia,Interactive Feature,,"['Global Warming', 'Environment', 'Sustainable Living']"
"Muriel Lezak, Leading Authority on Brain Injuries, Dies at 94",2021-11-01,article,Obituary (Obit),,"['Deaths (Obituaries)', 'Traumatic Brain Injury', 'Psychology and Psychologists', 'Brain', 'Sports Injuries', 'Research']"
How the Pandemic Has Added to Labor Unrest,2021-11-01,article,News,,"['Strikes', 'Labor and Jobs', 'Organized Labor', 'Coronavirus (2019-nCoV)', 'Factories and Manufacturing', 'United States Economy', 'Wages and Salaries']"
How Car Shortages Are Putting the World’s Economy at Risk,2021-11-02,article,News,,"['Automobiles', 'Shortages', 'Factories and Manufacturing', 'Computer Chips', 'International Trade and World Market', 'Economic Conditions and Trends', 'Labor and Jobs', 'United States Economy', 'Coronavirus (2019-nCoV)']"
Chip Shortage Creates New Power Players,2021-11-08,article,News,,"['Computer Chips', 'Factories and Manufacturing', 'Computers and the Internet', 'Automobiles', 'Shortages']"
Why Are Republicans Now Loving the Sweet Sound of Electric Vehicles?,2021-11-08,article,News,,"['Electric and Hybrid Vehicles', 'Labor and Jobs', 'Factories and Manufacturing', 'United States Politics and Government', 'Global Warming']"
The Popularity of E-Bikes Isn’t Slowing Down,2021-11-08,article,News,,"['Electric Bicycles, Motorcycles and Scooters', 'Transit Systems']"
Elon Musk’s ‘Ticking Tax Time Bomb’,2021-11-08,article,News,,"['Executive Compensation', 'Appointments and Executive Changes']"
Workhorse Group records a big loss on electric vans.,2021-11-09,article,News,,"['Automobiles', 'Stocks and Bonds', 'Company Reports', 'Postal Service and Post Offices']"
6 Automakers and 30 Countries Say They’ll Phase Out Gasoline Car Sales,2021-11-10,article,News,,"['Global Warming', 'Greenhouse Gas Emissions', 'Automobiles', 'Fuel Emissions (Transportation)', 'Electric and Hybrid Vehicles', 'Air Pollution', 'United Nations Framework Convention on Climate Change']"
Here’s the DealBook summit Day 2 lineup.,2021-11-10,article,News,,[]
Rivian will start trading today after an I.P.O. valuing it at nearly $70 billion.,2021-11-10,article,News,,"['Automobiles', 'Electric and Hybrid Vehicles', 'Initial Public Offerings', 'Stocks and Bonds']"
Why the Infrastructure Bill Matters,2021-11-10,article,briefing,,[]
"China, Electric Vehicles and More at the DealBook Online Summit",2021-11-10,article,News,,"['Coronavirus (2019-nCoV)', 'Vaccination and Immunization']"
What’s happening today at the DealBook summit.,2021-11-10,article,News,,[]
We’re Covering the Final Days of COP26 in Real Time,2021-11-10,article,News,,"['Global Warming', 'Greenhouse Gas Emissions', 'United Nations Framework Convention on Climate Change', 'Automobiles']"
Rivian I.P.O. Is Embraced by Investors Looking for Another Tesla,2021-11-10,article,News,,"['Initial Public Offerings', 'Electric and Hybrid Vehicles', 'Sports Utility Vehicles and Light Trucks']"
America Isn’t Ready for the Electric-Vehicle Revolution,2021-11-10,article,Op-Ed,,"['Batteries', 'Electric and Hybrid Vehicles', 'Factories and Manufacturing', 'International Trade and World Market', 'Politics and Government']"
"What We Learned From Tim Cook, Antony Blinken, Mary Barra and More",2021-11-11,article,News,,"['International Trade and World Market', 'Electric and Hybrid Vehicles', 'Vaccination and Immunization', 'Inflation (Economics)', 'Greenhouse Gas Emissions']"
Portraits of Three Artists as Young Children,2021-11-12,article,Review,,"['Books and Literature', 'Children and Childhood', 'Art', 'genre-books-childrens']"
The Week in Business: Conglomerates Break Up,2021-11-14,article,News,,"['Stocks and Bonds', 'United States Economy', 'Mergers, Acquisitions and Divestitures']"
"Biden signs infrastructure bill, promoting benefits for Americans.",2021-11-15,article,News,,"['Infrastructure (Public Works)', 'Law and Legislation', 'United States Politics and Government', 'United States Economy', 'Infrastructure Investment and Jobs Act (2021)']"
"Biden Got His Bipartisan Win. Now, Reality Sets In.",2021-11-15,article,News,,"['American Jobs Plan (2021)', 'United States Politics and Government', 'Infrastructure (Public Works)']"
How Americans’ Appetite for Leather in Luxury SUVs Worsens Amazon Deforestation,2021-11-17,article,News,,"['Leather and Leather Goods', 'Automobiles', 'Forests and Forestry', 'Global Warming', 'Cattle', 'Ranches', 'Agriculture and Farming', 'Land Use Policies', 'International Trade and World Market', 'Meatpacking Plants and Slaughterhouses', 'Wildlife Trade and Poaching', 'Beef']"
Biden Highlights Electric Vehicles While Asking for Inquiry Into High Gas Prices,2021-11-17,article,News,,"['Oil (Petroleum) and Gasoline', 'Prices (Fares, Fees and Rates)', 'Inflation (Economics)', 'Antitrust Laws and Competition Issues', 'Automobiles', 'Electric and Hybrid Vehicles', 'United States Politics and Government', 'United States Economy']"
Review: Three Generations Awaiting Justice in ‘Cullud Wattah’,2021-11-18,article,Review,,"['Theater', 'Black People', 'Blacks', 'Water Pollution']"
He Helped Build Tesla. Now He’s Gunning for It.,2021-11-18,article,News,,"['Electric and Hybrid Vehicles', 'Automobiles', 'Stocks and Bonds']"
"A proposed minimum tax would hit Amazon, Facebook and others, a report shows.",2021-11-18,article,News,,"['Tax Credits, Deductions and Exemptions', 'Corporate Taxes', 'Federal Taxes (US)', 'Taxation', 'United States Economy']"
Investors Are Charging Up Electric-Vehicle Stocks,2021-11-18,article,News,,"['Electric and Hybrid Vehicles', 'Oil (Petroleum) and Gasoline']"
Ford Moves to Ensure Supply of Chips and Guide Their Design,2021-11-18,article,News,,"['Computer Chips', 'Automobiles', 'Shortages', 'Factories and Manufacturing', 'Supply Chain']"
"Social Policy Bill Will Add to Deficit, C.B.O. Says; Democrats Delay Vote",2021-11-18,article,News,,"['American Families Plan (2021)', 'Federal Budget (US)', 'Federal Taxes (US)', 'United States Politics and Government']"
Leased Your Car? You Could Get a Great Deal on It.,2021-11-19,article,News,,"['Automobile Renting and Leasing', 'Content Type: Service', 'Prices (Fares, Fees and Rates)', 'Used Cars', 'Personal Finances', 'Quarantine (Life and Culture)']"
Ford Has a D.I.Y. Plan for Computer Chips,2021-11-19,article,News,,"['Automobiles', 'Shareholder Rights and Activism', 'Securities and Commodities Violations', 'Driverless and Semiautonomous Vehicles']"
A Power Struggle Over Cobalt Rattles the Clean Energy Revolution,2021-11-20,article,News,,"['Mines and Mining', 'Metals and Minerals', 'Batteries', 'Electric and Hybrid Vehicles', 'Alternative and Renewable Energy', 'Global Warming', 'Economic Conditions and Trends', 'Workplace Hazards and Violations', 'Infrastructure (Public Works)', 'Politics and Government', 'International Trade and World Market']"
How the U.S. Lost Ground to China in the Contest for Clean Energy,2021-11-21,article,News,,"['Mines and Mining', 'Cobalt', 'United States Economy', 'Politics and Government', 'United States Politics and Government', 'Oil (Petroleum) and Gasoline', 'Electric and Hybrid Vehicles', 'Alternative and Renewable Energy', 'Automobiles', 'Greenhouse Gas Emissions', 'United States International Relations']"
The Week in Business: Biden’s Safety Net Package Clears One Hurdle,2021-11-21,article,News,,"['United States Economy', 'Infrastructure Investment and Jobs Act (2021)', 'American Jobs Plan (2021)', 'Federal Budget (US)', 'Infrastructure (Public Works)', 'Inflation (Economics)', 'United States Politics and Government']"
"Thanksgiving Will Cost More This Year. That Could Cost Democrats, Too.",2021-11-21,article,News,,"['Inflation (Economics)', 'Midterm Elections (2022)', 'Infrastructure Investment and Jobs Act (2021)', 'American Families Plan (2021)', 'Polls and Public Opinion']"
Read the New York State Assembly Report on Andrew Cuomo’s Impeachment Investigation,2021-11-22,multimedia,Interactive Feature,,"['Sexual Harassment', 'Impeachment']"
Red Brands and Blue Brands: Is Hyper-Partisanship Coming for Corporate America?,2021-11-23,article,News,,"['Corporate Social Responsibility', 'Corporations', 'United States Politics and Government', 'Demonstrations, Protests and Riots']"
Biden’s Low-Key Media Strategy Draws Allies’ Concern,2021-11-23,article,News,,"['United States Politics and Government', 'News and News Media', 'Television', 'Polls and Public Opinion']"
The Car Key of the Future (Is Still in Your Pocket),2021-11-25,article,News,,"['Automobiles', 'Locks and Keys', 'Mobile Applications']"
Rivian’s Electric Truck Is a Cutie and a Beast,2021-11-25,article,News,,"['Electric and Hybrid Vehicles', 'Camps and Camping', 'Roads and Traffic', 'Sports Utility Vehicles and Light Trucks', 'Energy Efficiency']"
Uber Survived the Spying Scandal. Some Careers Didn’t.,2021-11-28,article,News,,"['Industrial Espionage', 'Car Services and Livery Cabs', 'Wiretapping and Other Eavesdropping Devices and Methods', 'Suits and Litigation (Civil)', 'Driverless and Semiautonomous Vehicles']"
Snowstorm Leaves Dozens Stranded for Days in a Remote U.K. Pub,2021-11-29,article,News,,['Snow and Snowstorms']
"In China, Tesla Is a Catfish, and Turns Auto Companies Into Sharks",2021-11-30,article,News,,"['Automobiles', 'Electric and Hybrid Vehicles', 'Factories and Manufacturing', 'Machinery and Equipment', 'Outsourcing']"
The Gator Finds a Place at the Tailgate,2021-11-30,article,News,,"['Alligators', 'Cooking and Cookbooks', 'Restaurants', 'Fans (Persons)', 'Wetlands', 'Agriculture and Farming', 'Football (College)']"
The Look of Cars Is Driving Me Out of My Mind,2021-12-01,article,Op-Ed,,"['Driverless and Semiautonomous Vehicles', 'Electric and Hybrid Vehicles', 'Sports Utility Vehicles and Light Trucks']"
"A Car a Minute Used to Flow Through Here, but Chaos Now Reigns",2021-12-02,article,News,,"['Supply Chain', 'Trucks and Trucking', 'Factories and Manufacturing', 'Ships and Shipping', 'Freight (Cargo)', 'Shortages', 'Automobiles', 'Labor and Jobs', 'Coronavirus (2019-nCoV)', 'United States Economy']"
Is an All-Encompassing Mobility App Making a Comeback?,2021-12-05,article,News,,"['Mobile Applications', 'Transportation', 'Transit Systems', 'Mobile Commerce and Payments']"
Toyota will spend $1.3 billion on a N.C. electric car battery plant.,2021-12-06,article,News,,"['Electric and Hybrid Vehicles', 'Factories and Manufacturing', 'Batteries']"
A New Tesla Safety Concern: Drivers Can Play Video Games in Moving Cars,2021-12-07,article,News,,"['Computer and Video Games', 'Driver Distraction and Fatigue', 'Automobile Safety Features and Defects', 'Electric and Hybrid Vehicles', 'Traffic Accidents and Safety']"
"On the Banks of the Furious Congo River, a 5-Star Emporium of Ambition",2021-12-07,article,News,,"['Hotels and Travel Lodgings', 'Mines and Mining', 'Cobalt', 'Metals and Minerals', 'Electric and Hybrid Vehicles', 'Alternative and Renewable Energy', 'Global Warming', 'Foreign Investments']"
Stellantis will spend $34 billion on software and new vehicles.,2021-12-07,article,News,,"['Automobiles', 'Driverless and Semiautonomous Vehicles', 'Software', 'Factories and Manufacturing']"
Vote For The Best Metropolitan Diary Entry of 2021,2021-12-07,multimedia,Interactive Feature,,[]
The U.S. and China Should Compete on This,2021-12-08,article,Op-Ed,,"['Global Warming', 'Electric and Hybrid Vehicles', 'Alternative and Renewable Energy']"
When Have You Made the Best of a Difficult Situation?,2021-12-08,article,News,,[]
Group Backed by Top Companies Moves to Combat A.I. Bias in Hiring,2021-12-08,article,News,,"['Artificial Intelligence', 'Hiring and Promotion', 'Race and Ethnicity', 'Discrimination', 'Regulation and Deregulation of Industry', 'Corporations']"
"Max Verstappen Wins Formula 1 Title, Passing Lewis Hamilton on Last Lap",2021-12-09,article,News,,"['Coronavirus (2019-nCoV)', 'Automobile Racing']"
Formula 1 Holds Its Breath,2021-12-09,article,News,,['Automobile Racing']
‘European Sovereignty’ on the Menu as Macron and Scholz Meet for Lunch,2021-12-10,article,News,,"['Politics and Government', 'Elections', 'Economic Conditions and Trends', 'Defense and Military Forces', 'Coronavirus (2019-nCoV)', 'United States International Relations', 'International Relations']"
G.M.’s electric vehicle efforts reportedly include a bigger presence in Michigan.,2021-12-10,article,News,,"['Automobiles', 'Electric and Hybrid Vehicles', 'Labor and Jobs', 'Batteries', 'Factories and Manufacturing', 'Production']"
Looking for a Way to Soup Up Your Car? Go Electric.,2021-12-13,article,News,,"['Electric and Hybrid Vehicles', 'Automobiles', 'Automobile Racing', 'Engines']"
"Toyota, lagging rivals, outlines plans to expand sales of electric vehicles.",2021-12-14,article,News,,"['Automobiles', 'Electric and Hybrid Vehicles', 'Sports Utility Vehicles and Light Trucks', 'Luxury Goods and Services', 'Oil (Petroleum) and Gasoline']"
Green-Energy Race Draws an American Underdog to Bolivia’s Lithium,2021-12-16,article,News,,"['Batteries', 'Lithium (Metal)', 'Electric and Hybrid Vehicles', 'Automobiles', 'Mines and Mining', 'Alternative and Renewable Energy', 'Entrepreneurship', 'Foreign Investments', 'International Relations', 'United States International Relations']"
"Rivian, an E.V. maker with big ambitions but few sales, will build a new factory in Georgia.",2021-12-16,article,News,,"['Automobiles', 'Electric and Hybrid Vehicles', 'Stocks and Bonds', 'Initial Public Offerings', 'Factories and Manufacturing', 'Company Reports']"
"G.M. says Dan Ammann is out as chief of Cruise, its driverless-car unit.",2021-12-16,article,News,,"['Driverless and Semiautonomous Vehicles', 'Appointments and Executive Changes', 'Automobiles']"
"Naples, a City of Contradictions, Is Once Again a Home for Cinema",2021-12-17,article,News,,"['Movies', 'Television']"
"Rosalie Trombley, Who Picked Hits and Made Stars, Dies at 82",2021-12-18,article,Obituary (Obit),,"['Deaths (Obituaries)', 'Pop and Rock Music', 'Radio']"
Markets sink on Omicron fears and a critical setback on the U.S. spending plan.,2021-12-20,article,News,,"['Economic Conditions and Trends', 'Coronavirus Omicron Variant', 'Stocks and Bonds', 'United States Economy']"
E.P.A. Announces Tightest-Ever Auto Pollution Rules,2021-12-20,article,News,,"['Global Warming', 'Greenhouse Gas Emissions', 'Fuel Emissions (Transportation)', 'Carbon Dioxide', 'Automobiles', 'Electric and Hybrid Vehicles', 'Fuel Efficiency', 'Oil (Petroleum) and Gasoline', 'Regulation and Deregulation of Industry']"
The Race to Avoid Omicron Lockdowns,2021-12-21,article,News,,"['Coronavirus Omicron Variant', 'Quarantine (Life and Culture)']"
